-- Deeper research pass: 5 new chapters, 8 new hotspots + stories, 35 new
-- sources, 19 timeline events. Research output preserved at
-- supabase/migrations/research-source-2026-04-30-deeper.json
-- Tone: documentary, restrained, attribution-first. All claims verified against
-- UN/UNICEF/UNRWA/WHO/UN Women/OHCHR, HRW, Amnesty, Save the Children, MSF,
-- ICRC, NRC, Oxfam, IPC, CPJ, Al Jazeera English, Anadolu Agency, Washington
-- Post, and Wikipedia (Hind Rajab, Anas al-Sharif, Rashad Shawa Cultural
-- Center, January 2025 ceasefire, alleged military use of al-Shifa).

-- New sources
insert into public.source_registry (id, publisher, title, url, url_hash, published_at, acquisition_mode) values
  ('src-unicef-2yrs',                  'UNICEF',                                              'Two years of hellish war have devastated Gaza''s children',                                                                                                       'https://www.unicef.org/press-releases/two-years-hellish-war-have-devastated-gazas-children',                                                                                                          'unicef-2yrs',                  '2025-10-08T00:00:00Z',     'manual'),
  ('src-unicef-50k',                   'UNICEF',                                              '"Unimaginable horrors": more than 50,000 children reportedly killed or injured in the Gaza Strip',                                                              'https://www.unicef.org/press-releases/unimaginable-horrors-more-50000-children-reportedly-killed-or-injured-gaza-strip',                                                                              'unicef-50k',                   null,                       'manual'),
  ('src-savethechildren-20k',          'Save the Children',                                   'GAZA: 20,000 children killed in 23 months of war — more than one child killed every hour',                                                                       'https://www.savethechildren.net/news/gaza-20000-children-killed-23-months-war-more-one-child-killed-every-hour',                                                                                       'stc-20k',                      '2025-09-06T00:00:00Z',     'manual'),
  ('src-savethechildren-disabilities', 'Save the Children UK',                                'Explosive weapons left 15 children a day in Gaza with potentially lifelong disabilities in 2024',                                                                'https://www.savethechildren.org.uk/news/media-centre/press-releases/2025/gaza-redefining-war-injuries-explosive-weapons-left-15',                                                                       'stc-disabilities',             '2025-11-20T00:00:00Z',     'manual'),
  ('src-mee-wcnsf',                    'Middle East Monitor',                                 'Gaza coins a new acronym: WCNSF — Wounded Child No Surviving Family',                                                                                            'https://www.middleeastmonitor.com/20231107-gaza-coins-a-new-acronym-wcnsf-wounded-child-no-surviving-family/',                                                                                          'mee-wcnsf',                    '2023-11-07T00:00:00Z',     'manual'),
  ('src-cpj-2024-deadliest',           'Committee to Protect Journalists',                    '2024 is deadliest year for journalists in CPJ history; almost 70% killed by Israel',                                                                             'https://cpj.org/special-reports/2024-is-deadliest-year-for-journalists-in-cpj-history-almost-70-percent-killed-by-israel/',                                                                            'cpj-deadliest',                '2025-02-12T00:00:00Z',     'manual'),
  ('src-cpj-tracker',                  'Committee to Protect Journalists',                    'Journalist casualties in the Israel-Gaza war',                                                                                                                   'https://cpj.org/2023/10/journalist-casualties-in-the-israel-gaza-conflict/',                                                                                                                            'cpj-tracker',                  null,                       'manual'),
  ('src-aj-anas',                      'Al Jazeera English',                                  'Anas al-Sharif among four Al Jazeera journalists killed by Israel in Gaza',                                                                                      'https://www.aljazeera.com/news/2025/8/10/al-jazeera-journalist-anas-al-sharif-killed-in-israeli-attack-in-gaza-city',                                                                                   'aj-anas',                      '2025-08-10T00:00:00Z',     'manual'),
  ('src-wiki-anas',                    'Wikipedia',                                           'Assassination of Anas Al-Sharif',                                                                                                                                'https://en.wikipedia.org/wiki/Assassination_of_Anas_Al-Sharif',                                                                                                                                          'wiki-anas',                    null,                       'manual'),
  ('src-who-shifa-april-2024',         'World Health Organization',                           'Six months of war leave Al-Shifa hospital in ruins, WHO mission reports',                                                                                        'https://www.who.int/news/item/06-04-2024-six-months-of-war-leave-al-shifa-hospital-in-ruins--who-mission-reports',                                                                                      'who-shifa-2024',               '2024-04-06T00:00:00Z',     'manual'),
  ('src-who-famine',                   'World Health Organization',                           'Famine confirmed for first time in Gaza',                                                                                                                        'https://www.who.int/news/item/22-08-2025-famine-confirmed-for-first-time-in-gaza',                                                                                                                      'who-famine',                   '2025-08-22T00:00:00Z',     'manual'),
  ('src-ipc-aug-2025',                 'IPC',                                                 'GAZA STRIP: Famine confirmed in Gaza Governorate, projected to expand',                                                                                          'https://www.ipcinfo.org/ipcinfo-website/countries-in-focus-archive/issue-134/en/',                                                                                                                      'ipc-aug-2025',                 '2025-08-22T00:00:00Z',     'manual'),
  ('src-ipc-dec-2025',                 'IPC',                                                 'Gaza Strip: Acute Food Insecurity Situation for 16 October - 30 November 2025 and Projection for 1 December 2025 - 15 April 2026',                                'https://www.ipcinfo.org/ipc-country-analysis/details-map/en/c/1159820/',                                                                                                                                'ipc-dec-2025',                 '2025-12-19T00:00:00Z',     'manual'),
  ('src-un-news-famine',               'UN News',                                             'Famine in Gaza: "A failure of humanity itself", says UN chief',                                                                                                  'https://news.un.org/en/story/2025/08/1165702',                                                                                                                                                          'un-news-famine',               '2025-08-22T00:00:00Z',     'manual'),
  ('src-msf-shifa',                    'Médecins Sans Frontières (MSF)',                      'A voice from Gaza''s Al-Shifa Hospital: "We are alone now. No one hears us"',                                                                                    'https://www.doctorswithoutborders.org/latest/voice-gazas-al-shifa-hospital-we-are-alone-now-no-one-hears-us',                                                                                            'msf-shifa',                    '2023-11-11T00:00:00Z',     'manual'),
  ('src-msf-ruins',                    'Médecins Sans Frontières (MSF)',                      'Israeli forces leave Al-Shifa Hospital in ruins',                                                                                                                'https://www.doctorswithoutborders.org/latest/israeli-forces-leave-al-shifa-hospital-ruins',                                                                                                              'msf-ruins',                    null,                       'manual'),
  ('src-icrc-oct-2023',                'International Committee of the Red Cross (ICRC)',     'Israel and the Occupied Territories: ICRC demands protection of patients, healthcare workers, medical facilities in Gaza amid escalating attacks',              'https://www.icrc.org/en/document/israel-and-occupied-territories-icrc-demands-protection-patients-healthcare-workers-medical-facilities-in-gaza',                                                       'icrc-oct-2023',                '2023-10-11T00:00:00Z',     'manual'),
  ('src-unwomen-6-months',             'UN Women',                                            'Six months into the war on Gaza, over 10,000 women have been killed, among them an estimated 6,000 mothers, leaving 19,000 children orphaned',                  'https://www.unwomen.org/en/news-stories/press-release/2024/04/six-months-into-the-war-on-gaza-over-10000-women-have-been-killed',                                                                       'unwomen-6mo',                  '2024-04-16T00:00:00Z',     'manual'),
  ('src-unwomen-jan-2024',             'UN Women',                                            'Gender alert: The gendered impact of the crisis in Gaza',                                                                                                        'https://www.unwomen.org/en/digital-library/publications/2024/01/gender-alert-the-gendered-impact-of-the-crisis-in-gaza',                                                                                'unwomen-jan',                  '2024-01-19T00:00:00Z',     'manual'),
  ('src-oxfam-water',                  'Oxfam International',                                 'Israel using water as weapon of war as Gaza supply plummets by 94%, creating deadly health catastrophe',                                                         'https://www.oxfam.org/en/press-releases/israel-using-water-weapon-war-gaza-supply-plummets-94-creating-deadly-health',                                                                                  'oxfam-water',                  '2024-07-17T00:00:00Z',     'manual'),
  ('src-oxfam-7-percent',              'Oxfam International',                                 'Less than seven percent of pre-conflict water levels available to Rafah and North Gaza',                                                                         'https://www.oxfam.org/en/press-releases/less-seven-percent-pre-conflict-water-levels-available-rafah-and-north-gaza',                                                                                    'oxfam-7pct',                   null,                       'manual'),
  ('src-nrc-oct-2025',                 'Norwegian Refugee Council (NRC)',                     'Three weeks into ceasefire, Gaza shelter aid still blocked as winter nears',                                                                                     'https://www.nrc.no/news/2025/october/three-weeks-into-ceasefire-gaza-shelter-aid-still-blocked-as-winter-nears',                                                                                         'nrc-oct-2025',                 '2025-10-30T00:00:00Z',     'manual'),
  ('src-nrc-june-2025',                'Norwegian Refugee Council (NRC)',                     'Gaza: Three months since ceasefire collapse, the shelter response faces total breakdown',                                                                       'https://www.nrc.no/news/2025/june/gaza-three-months-since-ceasefire-collapse-the-shelter-response-faces-total-breakdown',                                                                                'nrc-june-2025',                '2025-06-19T00:00:00Z',     'manual'),
  ('src-ohchr-hospitals',              'OHCHR',                                               'Pattern of Israeli attacks on Gaza hospitals raises grave concerns - report',                                                                                    'https://www.ohchr.org/en/press-releases/2024/12/pattern-israeli-attacks-gaza-hospitals-raises-grave-concerns-report',                                                                                    'ohchr-hospitals',              '2024-12-31T00:00:00Z',     'manual'),
  ('src-ohchr-thematic-pdf',           'OHCHR',                                               'Thematic Report: Attacks on hospitals during the escalation of hostilities in Gaza (7 October 2023 - 30 June 2024)',                                              'https://www.ohchr.org/sites/default/files/documents/countries/opt/20241231-attacks-hospitals-gaza-en.pdf',                                                                                              'ohchr-pdf',                    '2024-12-31T00:00:00Z',     'manual'),
  ('src-wiki-rashad',                  'Wikipedia',                                           'Rashad Shawa Cultural Center',                                                                                                                                   'https://en.wikipedia.org/wiki/Rashad_Shawa_Cultural_Center',                                                                                                                                            'wiki-rashad',                  null,                       'manual'),
  ('src-aj-heritage',                  'Al Jazeera English',                                  'A "cultural genocide": Which of Gaza''s heritage sites have been destroyed?',                                                                                    'https://www.aljazeera.com/news/2024/1/14/a-cultural-genocide-which-of-gazas-heritage-sites-have-been-destroyed',                                                                                         'aj-heritage',                  '2024-01-14T00:00:00Z',     'manual'),
  ('src-aa-rashad',                    'Anadolu Agency',                                      'Humanitarian pause reveals destruction of "Rashad Al-Shawwa" cultural center in Gaza by Israel',                                                                'https://www.aa.com.tr/en/middle-east/humanitarian-pause-reveals-destruction-of-rashad-al-shawwa-cultural-center-in-gaza-by-israel/3064948',                                                              'aa-rashad',                    '2023-11-26T00:00:00Z',     'manual'),
  ('src-ocha-321',                     'UN OCHA',                                             'Humanitarian Situation Update #321 | Gaza Strip',                                                                                                                'https://www.ochaopt.org/content/humanitarian-situation-update-321-gaza-strip',                                                                                                                          'ocha-321',                     '2025-09-10T00:00:00Z',     'manual'),
  ('src-un-news-return',               'UN News',                                             'Dreams of returning home dashed by reality in Gaza City',                                                                                                        'https://news.un.org/en/story/2025/01/1159616',                                                                                                                                                          'un-news-return',               '2025-01-30T00:00:00Z',     'manual'),
  ('src-wiki-hind',                    'Wikipedia',                                           'Killing of Hind Rajab',                                                                                                                                          'https://en.wikipedia.org/wiki/Killing_of_Hind_Rajab',                                                                                                                                                    'wiki-hind',                    null,                       'manual'),
  ('src-wapo-hind',                    'The Washington Post',                                 'How 6-year-old Hind Rajab and two paramedics were killed in Gaza',                                                                                               'https://www.washingtonpost.com/world/interactive/2024/hind-rajab-israel-gaza-killing-timeline/',                                                                                                        'wapo-hind',                    '2024-04-04T00:00:00Z',     'manual'),
  ('src-aj-hind',                      'Al Jazeera English',                                  'Israeli tank fired at Hind Rajab family car from metres away: Investigation',                                                                                    'https://www.aljazeera.com/news/2024/6/23/israeli-tank-fired-at-hind-rajab-family-car-from-metres-away-investigation',                                                                                    'aj-hind',                      '2024-06-23T00:00:00Z',     'manual'),
  ('src-wiki-jan-2025-ceasefire',      'Wikipedia',                                           'January 2025 Gaza war ceasefire',                                                                                                                                'https://en.wikipedia.org/wiki/January_2025_Gaza_war_ceasefire',                                                                                                                                          'wiki-jan-cease',                null,                       'manual'),
  ('src-wiki-shifa-mil',               'Wikipedia',                                           'Alleged military use of al-Shifa hospital',                                                                                                                      'https://en.wikipedia.org/wiki/Alleged_military_use_of_al-Shifa_hospital',                                                                                                                               'wiki-shifa-mil',               null,                       'manual');

-- New chapters
insert into public.chapters (id, scene_id, "order", label, scroll_anchor_y, narration) values
  ('ch-children', 'scene-main-street', 4, 'Children of Gaza City',                  0.18, 'By October 2025, UNICEF reported that an estimated 64,000 children had been killed or maimed across Gaza, including more than 1,000 babies, in two years of war. Save the Children''s clinics counted a tenfold rise in acute malnutrition during the months of total siege.'),
  ('ch-medical',  'scene-main-street', 5, 'Medical staff and patients',             0.42, 'On 5 April 2024, a WHO mission to al-Shifa found the once largest referral hospital in Gaza an "empty shell." By December 2024, the UN Human Rights Office documented at least 136 strikes on 27 hospitals across Gaza, with most facilities pushed to the brink of collapse.'),
  ('ch-press',    'scene-main-street', 6, 'Journalists in Gaza City',               0.62, 'On the night of 10 August 2025, an Israeli strike on a press tent at the main gate of al-Shifa Hospital killed Al Jazeera correspondent Anas al-Sharif and four colleagues — part of a CPJ-documented toll of more than 200 journalists killed in Gaza since October 2023.'),
  ('ch-water',    'scene-main-street', 7, 'Water, food, and survival',              0.74, 'On 22 August 2025, the IPC declared famine for the first time in Gaza Governorate, the area that includes Gaza City. Oxfam reported in 2024 that water available to Gazans had fallen by 94 percent — to less than a single toilet flush per person per day.'),
  ('ch-rebuild',  'scene-main-street', 8, 'What rebuilding looks like',             0.90, 'After the October 2025 ceasefire, the Norwegian Refugee Council reported that aid agencies had been able to bring in tents for only a fraction of the 1.29 million Gazans needing shelter. UNRWA had documented some 282,904 housing units damaged or destroyed across the strip.');

-- New stories
insert into public.stories (id, title, short_summary, body, tone, language, graphic_level, is_published) values
  ('story-children',
    'Children''s loss and the WCNSF generation',
    'By October 2025, UNICEF said an estimated 64,000 children had been killed or maimed across the Gaza Strip in two years of war.',
    'On 8 October 2025, marking two years since the war began, UNICEF Executive Director Catherine Russell stated that "a staggering 64,000 children have reportedly been killed or maimed across the Gaza Strip, including at least 1,000 babies." UN Women reported on 16 April 2024 that more than 10,000 Palestinian women had been killed, including an estimated 6,000 mothers, leaving roughly 19,000 children orphaned. MSF clinicians coined the acronym "WCNSF" — Wounded Child, No Surviving Family — to identify children arriving alone for medical care. On 6 September 2025, Save the Children reported that at least 20,000 Gaza children had been killed in 23 months — an average of more than one child every hour.',
    'documentary', 'en', 'none', true),
  ('story-medical-staff',
    'Medical staff under siege at al-Shifa',
    'WHO assessed al-Shifa Medical Complex as an "empty shell" on 5 April 2024 after the second siege; the OHCHR later documented at least 136 strikes on 27 hospitals across Gaza by 30 June 2024.',
    'On 5 April 2024, a WHO-led mission to al-Shifa Medical Complex on Izz al-Din al-Qassam Street described "the largest and most important referral hospital in Gaza" as "an empty shell," with the emergency department, surgical and maternity wards "extensively damaged due to explosives and fire." The mission counted at least 115 burned beds and 14 destroyed incubators. On 31 December 2024, the UN Human Rights Office published a thematic report finding "at least 136 strikes on at least 27 hospitals and 12 other medical facilities" between 7 October 2023 and 30 June 2024. MSF reported its surgeon Dr. Mohammed Obeid sending a voice note from al-Shifa during the November 2023 siege.',
    'documentary', 'en', 'none', true),
  ('story-press',
    'Journalists killed at the al-Shifa gate',
    'On 10 August 2025, an Israeli strike on a press tent at the main gate of al-Shifa Hospital killed five Al Jazeera staff.',
    'On the night of 10 August 2025, an Israeli strike hit a media tent at the main gate of al-Shifa Hospital in Gaza City, killing Al Jazeera correspondents Anas al-Sharif and Mohammed Qreiqeh, and cameramen Ibrahim Zaher, Mohammed Noufal and Moamen Aliwa. According to the Committee to Protect Journalists, more than 200 journalists and media workers had been killed in Gaza since October 2023, the deadliest period for the press in CPJ records since 1992. CPJ Regional Director Sara Qudah said journalists "cannot carry out their work — let alone survive — while being deliberately starved and denied life-saving aid."',
    'documentary', 'en', 'none', true),
  ('story-cultural-center',
    'The Rashad al-Shawa Cultural Center',
    'The Rashad Shawa Cultural Center, a 1985 landmark in Gaza City''s Rimal district, was found reduced to rubble during the November 2023 humanitarian pause.',
    'The Rashad Shawa Cultural Center, completed in 1988 in Gaza City''s Rimal district, housed the Tamari Sabbagh Library, a stage for films and performances and a hall used for civic life. It was named for Rashad al-Shawa, a former mayor of Gaza, and designed by Syrian architect Sa''ad Mohaffel. International leaders including Nelson Mandela, Jacques Chirac and Bill Clinton spoke there. During a brief humanitarian pause in November 2023, journalists and residents found the building had been reduced to rubble. On 14 January 2024, Al Jazeera published an inventory of damaged or destroyed Gaza heritage sites, citing the cultural center alongside libraries, mosques, churches and museums.',
    'reflective', 'en', 'none', true),
  ('story-water',
    'Water and sanitation collapse',
    'Oxfam reported in July 2024 that water available to people in Gaza had fallen by 94 percent, to roughly 4.74 liters per person per day.',
    'On 17 July 2024, Oxfam published its Water War Crimes report, finding that water available to people in Gaza had been reduced by 94 percent, to about 4.74 liters per person per day — "less than a single toilet flush" and just under a third of the WHO emergency minimum. Oxfam documented water and sanitation infrastructure damaged or destroyed at a rate of five sites every three days since the war began. A subsequent Oxfam release found less than seven percent of pre-war water levels reaching Rafah and North Gaza. The ICRC stated, through Gaza sub-delegation head William Schomburg on 11 October 2023, that "the destruction affecting hospitals in Gaza is becoming unbearable and needs to stop."',
    'documentary', 'en', 'none', true),
  ('story-famine',
    'Famine declared in Gaza Governorate',
    'On 22 August 2025, the IPC confirmed famine in Gaza Governorate — the area that includes Gaza City — the first time famine has been officially declared in the Middle East.',
    'On 22 August 2025, the Integrated Food Security Phase Classification (IPC) confirmed famine in Gaza Governorate, with projections that Deir al-Balah and Khan Yunis would meet the threshold within a month. WHO Director-General Dr. Tedros Adhanom Ghebreyesus said: "A ceasefire is an absolute and moral imperative now," adding that widespread malnutrition was making mild diseases fatal for children. UN News quoted UN Secretary-General António Guterres calling the famine "a failure of humanity itself." On 19 December 2025, after the October ceasefire and increased aid, the IPC reported that no part of Gaza was currently classified in famine, although roughly 1.6 million people still faced high levels of acute food insecurity.',
    'documentary', 'en', 'none', true),
  ('story-women',
    'Women, mothers, and girls',
    'By April 2024, UN Women reported that more than 10,000 Palestinian women had been killed in Gaza, including an estimated 6,000 mothers, leaving roughly 19,000 children orphaned.',
    'On 16 April 2024, UN Women issued a Gender Alert finding that "more than 10,000 women have been killed" in Gaza, including "an estimated 6,000 mothers, leaving 19,000 children orphaned." UN Women''s Regional Director for the Arab States, Susanne Mikhail, stated: "the war in Gaza is no doubt a war on women." The same release said more than one million Palestinian women and girls were facing "catastrophic hunger." UN Women''s earlier January 2024 Gender Alert found that women and girls in Gaza were experiencing the impact of the conflict differently, including a near-total absence of safe water, sanitation, and menstrual hygiene supplies.',
    'documentary', 'en', 'none', true),
  ('story-shelter-blocked',
    'After the ceasefire: shelter aid blocked',
    'Three weeks into the October 2025 ceasefire, the Norwegian Refugee Council reported that 23 requests from nine aid agencies for shelter supplies had been rejected, leaving roughly 260,000 families without adequate cover.',
    'On 30 October 2025, the Norwegian Refugee Council (NRC) reported that three weeks into the ceasefire, Israeli authorities had rejected 23 requests from nine aid agencies to bring in "urgently needed shelter supplies such as tents, sealing and framing kits, bedding, kitchen sets, and blankets, amounting to nearly 4,000 pallets," leaving "around 260,000 Palestinian families, equal to nearly 1.5 million people, exposed to worsening conditions." NRC''s June 2025 update described the shelter response as "on the brink of total breakdown." OCHA reported that on 9 September 2025 the Israeli military had ordered all residents of Gaza City to evacuate via the coastal road to Al Mawasi.',
    'actionable', 'en', 'none', true);

-- New hotspots
insert into public.hotspots (id, scene_id, chapter_id, story_id, label, geometry_x, geometry_y, geometry_r, type, priority, visual_state, action_category, action_label, action_url) values
  ('h-children',         'scene-main-street', 'ch-children', 'story-children',         'Children''s loss in Gaza City',           0.20, 0.22, 0.030, 'stat',  'primary',   'always', 'learn', 'UNICEF: two years of war',           'https://www.unicef.org/press-releases/two-years-hellish-war-have-devastated-gazas-children'),
  ('h-medical-staff',    'scene-main-street', 'ch-medical',  'story-medical-staff',    'Medical staff at al-Shifa',               0.36, 0.30, 0.034, 'stat',  'primary',   'always', 'learn', 'WHO: al-Shifa assessment',          'https://www.who.int/news/item/06-04-2024-six-months-of-war-leave-al-shifa-hospital-in-ruins--who-mission-reports'),
  ('h-press',            'scene-main-street', 'ch-press',    'story-press',            'Journalists killed at al-Shifa gate',     0.52, 0.36, 0.030, 'story', 'primary',   'always', 'learn', 'CPJ: Gaza press casualties',         'https://cpj.org/2023/10/journalist-casualties-in-the-israel-gaza-conflict/'),
  ('h-cultural-center',  'scene-main-street', 'ch-rebuild',  'story-cultural-center',  'Rashad al-Shawa Cultural Center',         0.66, 0.30, 0.028, 'story', 'secondary', 'always', 'learn', 'Wikipedia: Rashad Shawa Center',     'https://en.wikipedia.org/wiki/Rashad_Shawa_Cultural_Center'),
  ('h-water',            'scene-main-street', 'ch-water',    'story-water',            'Water and sanitation',                    0.30, 0.62, 0.030, 'stat',  'primary',   'always', 'learn', 'Oxfam: water down 94 percent',        'https://www.oxfam.org/en/press-releases/israel-using-water-weapon-war-gaza-supply-plummets-94-creating-deadly-health'),
  ('h-famine',           'scene-main-street', 'ch-water',    'story-famine',           'Famine declared in Gaza Governorate',     0.46, 0.66, 0.034, 'stat',  'primary',   'always', 'learn', 'IPC: famine confirmed',              'https://www.ipcinfo.org/ipcinfo-website/countries-in-focus-archive/issue-134/en/'),
  ('h-women',            'scene-main-street', 'ch-children', 'story-women',            'Women and girls in Gaza',                 0.62, 0.62, 0.030, 'stat',  'secondary', 'always', 'learn', 'UN Women: 6,000 mothers killed',     'https://www.unwomen.org/en/news-stories/press-release/2024/04/six-months-into-the-war-on-gaza-over-10000-women-have-been-killed'),
  ('h-shelter-tent',     'scene-main-street', 'ch-rebuild',  'story-shelter-blocked',  'Shelter aid blocked',                     0.78, 0.66, 0.030, 'stat',  'secondary', 'always', 'support', 'NRC: shelter aid blocked',         'https://www.nrc.no/news/2025/october/three-weeks-into-ceasefire-gaza-shelter-aid-still-blocked-as-winter-nears');

-- Story-source linkages for new stories
insert into public.story_sources (story_id, source_id, ordering) values
  ('story-children', 'src-unicef-2yrs',                  0),
  ('story-children', 'src-unwomen-6-months',             1),
  ('story-children', 'src-mee-wcnsf',                    2),
  ('story-children', 'src-savethechildren-20k',          3),
  ('story-children', 'src-savethechildren-disabilities', 4),

  ('story-medical-staff', 'src-who-shifa-april-2024', 0),
  ('story-medical-staff', 'src-ohchr-hospitals',      1),
  ('story-medical-staff', 'src-ohchr-thematic-pdf',   2),
  ('story-medical-staff', 'src-msf-shifa',            3),
  ('story-medical-staff', 'src-msf-ruins',            4),

  ('story-press', 'src-wiki-anas',         0),
  ('story-press', 'src-aj-anas',           1),
  ('story-press', 'src-cpj-2024-deadliest', 2),
  ('story-press', 'src-cpj-tracker',        3),

  ('story-cultural-center', 'src-wiki-rashad',  0),
  ('story-cultural-center', 'src-aa-rashad',    1),
  ('story-cultural-center', 'src-aj-heritage',  2),

  ('story-water', 'src-oxfam-water',    0),
  ('story-water', 'src-oxfam-7-percent', 1),
  ('story-water', 'src-icrc-oct-2023',  2),

  ('story-famine', 'src-who-famine',     0),
  ('story-famine', 'src-ipc-aug-2025',   1),
  ('story-famine', 'src-un-news-famine', 2),
  ('story-famine', 'src-ipc-dec-2025',   3),

  ('story-women', 'src-unwomen-6-months', 0),
  ('story-women', 'src-unwomen-jan-2024', 1),

  ('story-shelter-blocked', 'src-nrc-oct-2025',  0),
  ('story-shelter-blocked', 'src-nrc-june-2025', 1),
  ('story-shelter-blocked', 'src-ocha-321',       2);

-- Timeline events: 19 dated entries spanning the war's arc through this scene
insert into public.timeline_events (id, scene_anchor_id, date, title, summary, event_type, weight, is_published) values
  ('evt-2023-10-07', 'scene-main-street', '2023-10-07', 'Beginning of the 2023-2025 war',                      'Hamas-led attacks on southern Israel are followed by an Israeli air and ground campaign in the Gaza Strip, the start of the war that would reshape Gaza City, including the area around al-Shifa Hospital on Izz al-Din al-Qassam Street.', 'destruction', 0.95, true),
  ('evt-2023-10-11', 'scene-main-street', '2023-10-11', 'ICRC warns hospitals are at breaking point',          'The International Committee of the Red Cross''s Gaza sub-delegation head, William Schomburg, says: "The destruction affecting hospitals in Gaza is becoming unbearable and needs to stop." The ICRC names al-Shifa, Nasser, al-Rantisi and al-Quds among facilities at acute risk.', 'report', 0.7, true),
  ('evt-2023-11-11', 'scene-main-street', '2023-11-11', 'First al-Shifa siege begins',                         'Heavy fighting reaches the al-Shifa Medical Complex in Gaza City. MSF surgeon Dr. Mohammed Obeid sends a voice note from inside the hospital: "We are alone now. No one hears us." The first siege runs through 24 November 2023.', 'destruction', 0.9, true),
  ('evt-2023-11-26', 'scene-main-street', '2023-11-26', 'Rashad al-Shawa Cultural Center destruction reported','During a humanitarian pause, the destruction of Gaza City''s 1985 Rashad al-Shawa Cultural Center, a major civic and cultural landmark in the Rimal district, is documented by reporters and aid workers.', 'destruction', 0.6, true),
  ('evt-2024-01-29', 'scene-main-street', '2024-01-29', 'Killing of Hind Rajab',                               'Six-year-old Hind Rajab and members of her family are killed when their car is shelled while fleeing Gaza City. Two Palestine Red Crescent paramedics, Yousef Zeino and Ahmad al-Madhoun, are killed when their ambulance is hit en route. The case becomes a recurring reference in international reporting on Gaza City.', 'news', 0.85, true),
  ('evt-2024-03-18', 'scene-main-street', '2024-03-18', 'Second al-Shifa siege begins',                        'A second Israeli military operation at and around al-Shifa Hospital begins. MSF staff sheltering nearby report drones, tanks and shelling, and witness fire rising from the main building. The operation runs until 1 April 2024.', 'destruction', 0.9, true),
  ('evt-2024-04-05', 'scene-main-street', '2024-04-05', 'WHO assessment finds al-Shifa an "empty shell"',      'A WHO-led mission to al-Shifa Medical Complex describes the hospital as "an empty shell," with the emergency department, surgical and maternity ward buildings "extensively damaged due to explosives and fire." At least 115 burned beds and 14 destroyed incubators are counted.', 'report', 0.85, true),
  ('evt-2024-04-16', 'scene-main-street', '2024-04-16', 'UN Women: 6,000 mothers killed, 19,000 children orphaned', 'UN Women''s Gender Alert reports that, six months into the war, more than 10,000 women have been killed in Gaza, including an estimated 6,000 mothers, leaving roughly 19,000 children orphaned. Regional Director Susanne Mikhail calls it a "war on women."', 'report', 0.8, true),
  ('evt-2024-07-10', 'scene-main-street', '2024-07-10', 'UNRWA: two-thirds of Gaza schools hit',               'UN News, citing UNRWA Commissioner-General Philippe Lazzarini, reports that "two thirds of UNRWA schools in Gaza have been hit, some were bombed out, many severely damaged," with at peak around one million displaced people sheltering in UNRWA schools.', 'report', 0.75, true),
  ('evt-2024-07-17', 'scene-main-street', '2024-07-17', 'Oxfam: water supply down 94 percent',                  'Oxfam''s Water War Crimes report finds that water available to people in Gaza has fallen by 94 percent, to roughly 4.74 liters per person per day, well under the WHO emergency minimum. Five water and sanitation sites have been damaged or destroyed every three days.', 'report', 0.75, true),
  ('evt-2024-12-05', 'scene-main-street', '2024-12-05', 'Amnesty: genocide finding',                            'Amnesty International publishes a 296-page report concluding that Israel is committing genocide against Palestinians in Gaza. The report draws on satellite imagery and 212 interviews with survivors, displaced people, and field experts.', 'report', 0.85, true),
  ('evt-2024-12-31', 'scene-main-street', '2024-12-31', 'OHCHR: 136 strikes on hospitals',                      'The UN Human Rights Office publishes a thematic report finding at least 136 strikes on at least 27 hospitals and 12 other medical facilities between 7 October 2023 and 30 June 2024, pushing Gaza''s healthcare system to the brink of total collapse.', 'report', 0.85, true),
  ('evt-2025-01-19', 'scene-main-street', '2025-01-19', 'January 2025 ceasefire takes effect',                  'OCHA reports that a ceasefire between Israel and Palestinian armed groups, mediated by Egypt, Qatar, and the United States, takes effect at 11:15 on 19 January 2025. Within days, more than 376,000 displaced people walk north toward their homes.', 'aid', 0.9, true),
  ('evt-2025-08-07', 'scene-main-street', '2025-08-07', 'HRW: 97 percent of Gaza schools damaged',              'Human Rights Watch reports that, by August 2025, 97 percent of Gaza''s school buildings (547 of 564) had sustained damage and 76 percent had been directly hit since October 2023. HRW investigates a 21 September 2024 strike on al-Zeitoun C School.', 'report', 0.8, true),
  ('evt-2025-08-10', 'scene-main-street', '2025-08-10', 'Anas al-Sharif and four colleagues killed at al-Shifa gate', 'An Israeli strike hits a press tent at the main gate of al-Shifa Hospital in Gaza City, killing Al Jazeera correspondent Anas al-Sharif (28), correspondent Mohammed Qreiqeh, and cameramen Ibrahim Zaher, Mohammed Noufal, and Moamen Aliwa. CPJ, the UN, and press groups condemn the attack.', 'destruction', 0.9, true),
  ('evt-2025-08-22', 'scene-main-street', '2025-08-22', 'IPC declares famine in Gaza Governorate',              'The IPC, the UN-backed hunger watchdog, confirms famine in Gaza Governorate — the area that includes Gaza City — for the first time. WHO Director-General Dr. Tedros Adhanom Ghebreyesus calls a ceasefire "an absolute and moral imperative now." UN Secretary-General António Guterres calls it "a failure of humanity itself."', 'report', 0.95, true),
  ('evt-2025-09-09', 'scene-main-street', '2025-09-09', 'Gaza City evacuation order to Al Mawasi',              'The Israeli military orders all residents of Gaza City — from the Old City and at-Tuffah in the east to the sea in the west — to evacuate immediately via the al-Rashid coastal road to Al Mawasi. OCHA records roughly 125,600 displacement movements in the following week.', 'displacement', 0.9, true),
  ('evt-2025-10-30', 'scene-main-street', '2025-10-30', 'NRC: shelter aid still blocked three weeks into ceasefire', 'Three weeks into the October 2025 ceasefire, the Norwegian Refugee Council reports that 23 requests from nine aid agencies for shelter supplies have been rejected. Around 260,000 Palestinian families — roughly 1.5 million people — remain exposed to the winter without adequate cover.', 'report', 0.8, true),
  ('evt-2025-12-19', 'scene-main-street', '2025-12-19', 'IPC: famine no longer occurring',                      'An updated IPC analysis, following the October ceasefire and improved humanitarian and commercial access, finds that no part of Gaza is currently classified in famine, although roughly 1.6 million people (77 percent of the population) still face high levels of acute food insecurity and over 100,000 remain in IPC Phase 5.', 'report', 0.85, true);

-- Link timeline events to sources
insert into public.timeline_event_sources (event_id, source_id) values
  ('evt-2023-10-07', 'src-wiki-shifa-siege'),
  ('evt-2023-10-07', 'src-icrc-oct-2023'),
  ('evt-2023-10-11', 'src-icrc-oct-2023'),
  ('evt-2023-11-11', 'src-msf-shifa'),
  ('evt-2023-11-11', 'src-wiki-shifa-siege'),
  ('evt-2023-11-26', 'src-wiki-rashad'),
  ('evt-2023-11-26', 'src-aa-rashad'),
  ('evt-2024-01-29', 'src-wiki-hind'),
  ('evt-2024-01-29', 'src-wapo-hind'),
  ('evt-2024-01-29', 'src-aj-hind'),
  ('evt-2024-03-18', 'src-wiki-shifa-siege'),
  ('evt-2024-03-18', 'src-msf-ruins'),
  ('evt-2024-04-05', 'src-who-shifa-april-2024'),
  ('evt-2024-04-16', 'src-unwomen-6-months'),
  ('evt-2024-07-10', 'src-un-news-schools'),
  ('evt-2024-07-17', 'src-oxfam-water'),
  ('evt-2024-12-05', 'src-amnesty-genocide'),
  ('evt-2024-12-31', 'src-ohchr-hospitals'),
  ('evt-2024-12-31', 'src-ohchr-thematic-pdf'),
  ('evt-2025-01-19', 'src-ocha-259'),
  ('evt-2025-01-19', 'src-wiki-jan-2025-ceasefire'),
  ('evt-2025-08-07', 'src-hrw-school-strikes'),
  ('evt-2025-08-10', 'src-wiki-anas'),
  ('evt-2025-08-10', 'src-aj-anas'),
  ('evt-2025-08-22', 'src-who-famine'),
  ('evt-2025-08-22', 'src-ipc-aug-2025'),
  ('evt-2025-08-22', 'src-un-news-famine'),
  ('evt-2025-09-09', 'src-ocha-321'),
  ('evt-2025-09-09', 'src-ocha-323'),
  ('evt-2025-10-30', 'src-nrc-oct-2025'),
  ('evt-2025-12-19', 'src-ipc-dec-2025');
